alpha,beta,epsilon,d,A_star,A,h,early_time,early_threshold,terminal_threshold,size,power,quadrature_error_size,quadrature_error_power,extra_size,extra_power,early_probability,reward_lower,fixed_time_reward,scaled_reward,construction_limit,tolerance_change
0.05,0.1,0.1,1.0,8.563847350667979,8.663847350667979,0.10857362047581294,8.555273730192166,2.509606608252147,0.5346066082521471,0.0491301225852339,0.9014910452499885,1.1833108720718956e-14,1.9369134202071093e-14,1.3244095398254845e-12,2.1478217516617443e-12,0.7272334643185634,0.07895837015223435,0.09000000000000001,0.18180836607964082,0.18127995066961503,0.0
0.05,0.1,0.01,1.0,8.563847350667979,8.573847350667979,0.05428681023790647,8.519560540430072,2.529394065016315,0.5318940650163149,0.049912005417712006,0.9001498444635808,3.5256539974187485e-25,5.850785897228733e-25,3.3037983470480297e-21,5.478336754787894e-21,0.7233544885166737,0.039268607852842564,0.009000000000000001,0.18083862212916843,0.18127995066961503,0.0
0.05,0.1,0.001,1.0,8.563847350667979,8.564847350667979,0.03619120682527099,8.528656143842708,2.531365547817167,0.5316155478171668,0.04999119035408742,0.9000149918341186,3.147262090467083e-30,5.249525402507526e-30,1.6784641147877545e-29,2.8062761202439303e-29,0.7235438619297058,0.026185925554253295,0.0009000000000000001,0.18088596548242644,0.18127995066961503,0.0
0.05,0.1,0.0001,1.0,8.563847350667979,8.563947350667979,0.027143405118953235,8.536803945549025,2.531562623045563,0.5315876230455628,0.04999911893341122,0.9000014992572771,1.9231161421063696e-37,3.2291511670521606e-37,1.0829266887288629e-37,1.8183808937928685e-37,0.7238928862541292,0.01964891787432416,9e-05,0.18097322156353227,0.18127995066961503,0.0
0.05,0.1,1e-05,1.0,8.563847350667979,8.563857350667979,0.02171472409516259,8.542142626572817,2.53158232983746,0.5315848298374598,0.049999911892320996,0.9000001499264664,1.3955880936129559e-45,2.349521445595017e-45,7.761726778104295e-46,1.3067163184398673e-45,0.7241338158435722,0.01572436601902045,9e-06,0.18103345396089307,0.18127995066961503,0.0
0.05,0.1,1e-06,1.0,8.563847350667979,8.563848350667978,0.018095603412635494,8.545752747255342,2.5315843005093397,0.5315845505093397,0.04999999118922183,0.9000000149926539,1.0682474439545176e-53,1.8015988896836032e-53,5.916441700645097e-54,9.978081719252176e-54,0.7242979020729503,0.013106607588516008,9e-07,0.18107447551823758,0.18127995066961503,0.0
0.0004950495049504951,0.1,0.1,1.0,20.929496998102206,21.029496998102207,0.10857362047581294,20.920923377626394,6.587758780157454,4.6127587801574546,0.00048553549189172575,0.9009556753464878,1.0552980105671687e-16,1.0200080511371761e-14,1.2022810013854741e-14,1.1510668712226307e-12,0.8014156671028463,0.08701260048339488,0.09000000000000001,0.20035391677571154,0.2001929550057578,0.0
0.0004950495049504951,0.1,0.01,1.0,20.929496998102206,20.939496998102207,0.05428681023790647,20.8852101878643,6.600407006693038,4.602907006693038,0.0004940883368269264,0.9000958697309145,3.1928255786243244e-27,3.106117785370567e-25,3.0124355499052955e-23,2.9280019386448405e-21,0.7997524459754868,0.0434160092719728,0.009000000000000001,0.1999381114938717,0.2001929550057578,0.0
0.0004950495049504951,0.1,0.001,1.0,20.929496998102206,20.930496998102207,0.03619120682527099,20.894305791276935,6.601668008721372,4.6019180087213725,0.0004949532896150519,0.9000095899953948,2.8895946937074944e-32,2.823160620654121e-30,1.5320430809595714e-31,1.500372854372046e-29,0.7999025938737403,0.028949440214955276,0.0009000000000000001,0.19997564846843507,0.2001929550057578,0.0
0.0004950495049504951,0.1,0.0001,1.0,20.929496998102206,20.929596998102205,0.027143405118953235,20.902453592983253,6.601794070626834,4.601819070626834,0.0004950398824308576,0.9000009590297626,1.7561841104070905e-39,1.7271575624177525e-37,9.889080014656634e-40,9.725697168471883e-38,0.8000984314757987,0.02171739586058665,9e-05,0.20002460786894968,0.2001929550057578,0.0
0.0004950495049504951,0.1,1e-05,1.0,20.929496998102206,20.929506998102205,0.02171472409516259,20.907792274007043,6.601806676434313,4.601809176434313,0.0004950485426886701,0.9000000959032786,1.2747721906150765e-47,1.2569867756043608e-45,7.089751731471371e-48,6.990849623280697e-46,0.8002309336066747,0.017376793935683317,9e-06,0.2000577334016687,0.2001929550057578,0.0
0.0004950495049504951,0.1,1e-06,1.0,20.929496998102206,20.929497998102207,0.018095603412635494,20.91140239468957,6.60180793701123,4.601808187011231,0.0004950494087242149,0.9000000095903309,9.759389977315222e-56,9.64016746948374e-54,5.405184399408642e-56,5.339156418861074e-54,0.8003209314748161,0.014482290178799298,9e-07,0.20008023286870402,0.2001929550057578,0.0
0.1,0.2,0.1,1.0,4.507862734912503,4.607862734912502,0.10857362047581294,4.4992891144366896,2.4470386186291213,0.47203861862912133,0.09797130633746466,0.8032799529822405,1.9335689376136932e-14,2.980687684640093e-14,2.2942922819021812e-12,3.494988329142836e-12,0.46292802538256,0.05026177173550357,0.08000000000000002,0.11573200634564,0.1150067983090967,0.0
0.1,0.2,0.01,1.0,4.507862734912503,4.5178627349125025,0.05428681023790647,4.463575924674596,2.46504039579297,0.4675403957929701,0.09979373805282316,0.8003294868530353,6.246982315533194e-25,9.728695541989237e-25,5.7292765138275604e-21,8.908111441017462e-21,0.4560444993948859,0.024757201198691223,0.008,0.11401112484872147,0.1150067983090967,0.0
0.1,0.2,0.001,1.0,4.507862734912503,4.508862734912503,0.03619120682527099,4.472671528087232,2.4668258414901434,0.46707584149014336,0.09997933921920499,0.8000329634081804,5.843659318570946e-30,9.138141309573508e-30,2.917639514935207e-29,4.573202713960545e-29,0.4566069945361239,0.01652515817712224,0.0008,0.11415174863403096,0.1150067983090967,0.0
0.1,0.2,0.0001,1.0,4.507862734912503,4.507962734912502,0.027143405118953235,4.480819329793549,2.467004237112264,0.4670292371122638,0.099997933575386,0.8000032964878472,3.3489456492920074e-37,5.271734522148542e-37,1.8853045758473883e-37,2.9677673358869253e-37,0.45737620984413646,0.012414747755570762,8e-05,0.1143440524610341,0.1150067983090967,0.0
0.1,0.2,1e-05,1.0,4.507862734912503,4.507872734912502,0.02171472409516259,4.48615801081734,2.46702207518335,0.46702457518334983,0.09999979335407261,0.8000003296502549,2.432184980017557e-45,3.838667939188515e-45,1.3525614451318908e-45,2.1347240397309016e-45,0.4578980846298917,0.009943130571441508,8.000000000000001e-06,0.11447452115747292,0.1150067983090967,0.0
0.1,0.2,1e-06,1.0,4.507862734912503,4.507863734912503,0.018095603412635494,4.489768131499868,2.4670238589755455,0.4670241089755455,0.09999997933537264,0.8000000329650403,1.862789660220986e-53,2.9451796026291005e-53,1.0316659218658855e-53,1.6311251006195193e-53,0.45825259207094005,0.008292357168927964,8e-07,0.11456314801773501,0.1150067983090967,0.0
