epsilon,early_fraction,A_crit,A,early_time,early_threshold,terminal_threshold,size_target,power_target,size,power,size_margin,power_margin,early_deployment_probability,policy_capacity,scipy_max_quadrature_error_estimate
0.1,0.5,8.563847350667979,8.663847350667979,4.331923675333989,2.8785711674652745,0.5898680804649176,0.04999,0.90001,0.04998999999999819,0.90001,1.0000000001814113e-05,9.99999999995449e-06,0.36603166256791886,1.5856212249998296,3.8110715881359685e-13
0.1,0.8,8.563847350667979,8.663847350667979,6.931077880534383,1.9125710714287916,0.623438615151237,0.04999,0.90001,0.049990000000000014,0.9000099999999944,9.999999999989184e-06,9.999999994403375e-06,0.7223637239032796,1.2516898071116167,9.733252232047502e-14
0.1,0.9,8.563847350667979,8.663847350667979,7.797462615601181,1.3003475035848346,0.657488535412233,0.04999,0.90001,0.04999,0.9000100000000087,1.0000000000003062e-05,1.0000000008725252e-05,0.8239495631065061,0.713857323940434,5.725921749636058e-14
0.1,0.95,8.563847350667979,8.663847350667979,8.23065498313458,0.896423083612775,0.7066625392823902,0.04999,0.90001,0.04998999999999998,0.9000100000000235,1.0000000000023879e-05,1.0000000023491218e-05,0.869067694841606,0.3764734922752291,8.326845069516071e-14
0.1,0.98,8.563847350667979,8.663847350667979,8.490570403654619,0.6073270596729009,0.8362977272187601,0.04999,0.90001,0.04999000000000161,0.9000100000000002,9.999999998393239e-06,1.0000000000176534e-05,0.8940763731874001,0.15492282434268995,9.332542700888355e-14
0.01,0.5,8.563847350667979,8.573847350667979,4.286923675333989,3.956194348085408,0.5382051434930308,0.049999,0.900001,0.049999000000000016,0.9000010000000002,9.999999999871223e-07,1.000000000139778e-06,0.19064837990841643,0.8172950534934593,4.2680770659359577e-13
0.01,0.8,8.563847350667979,8.573847350667979,6.859077880534383,2.8731169706810826,0.5424230452782698,0.049999,0.900001,0.049998999999999974,0.9000010000000005,1.0000000000287557e-06,1.0000000004728449e-06,0.5841248076976042,1.0016393869875093,9.868044818871033e-14
0.01,0.9,8.563847350667979,8.573847350667979,7.7164626156011815,2.0704500034838773,0.5464438263740823,0.049999,0.900001,0.049998999999999676,0.9000010000000002,1.000000000327128e-06,1.000000000139778e-06,0.7400773975974233,0.6345310634679916,5.422636730468564e-14
0.01,0.95,8.563847350667979,8.573847350667979,8.14515498313458,1.4873278852492606,0.5516209542908829,0.049999,0.900001,0.04999900000000003,0.9000009999999999,9.999999999732445e-07,9.999999999177334e-07,0.8174904504375762,0.3504519166340294,8.293903818253901e-14
0.01,0.98,8.563847350667979,8.573847350667979,8.402370403654619,0.9998366279334191,0.5611493936872414,0.049999,0.900001,0.049998999999999995,0.9000010000000002,1.000000000007939e-06,1.000000000139778e-06,0.8652932871950025,0.14837785115935387,7.497129888873594e-14
0.001,0.5,8.563847350667979,8.564847350667979,4.282423675333989,4.884649504581933,0.532325238534958,0.0499999,0.9000001,0.04999989999999996,0.9000000999999999,1.0000000004450893e-07,9.999999983634211e-08,0.09246700223477677,0.39598287955736894,4.3163024906935173e-13
0.001,0.8,8.563847350667979,8.564847350667979,6.851877880534383,3.6858099184174935,0.532844557263381,0.0499999,0.9000001,0.0499999,0.9000001,1.0000000000287557e-07,9.999999994736442e-08,0.4604587769065869,0.7887518270960395,9.881436866125677e-14
0.001,0.9,8.563847350667979,8.564847350667979,7.708362615601181,2.717961863489969,0.5333421653264354,0.0499999,0.9000001,0.049999900000000035,0.9000001,9.99999999681811e-08,9.999999994736442e-08,0.6588192911610188,0.5642686660469406,5.422510957344294e-14
0.001,0.95,8.563847350667979,8.564847350667979,8.136604983134578,1.9865478856758887,0.5339830375920676,0.0499999,0.9000001,0.04999990000000021,0.9000001,9.999999979470875e-08,9.999999994736442e-08,0.7672458627122657,0.32856718472810675,8.290730820803179e-14
0.001,0.98,8.563847350667979,8.564847350667979,8.393550403654618,1.346576615601964,0.5351429801464422,0.0499999,0.9000001,0.04999989999999647,0.9000000999999999,1.0000000353477256e-07,9.999999983634211e-08,0.8373905363348293,0.14344244233203643,7.495666523396754e-14
0.0001,0.5,8.563847350667979,8.563947350667979,4.281973675333989,5.700719867078687,0.531665993747674,0.04999999,0.9000000100000001,0.04999999000000002,0.9000000100000001,9.999999980858654e-09,1.0000000050247593e-08,0.04269211303939638,0.18280650417907823,4.32158979388565e-13
0.0001,0.8,8.563847350667979,8.563947350667979,6.851157880534384,4.388232987337167,0.5317271175996101,0.04999999,0.9000000100000001,0.04999999000000002,0.9000000100000001,9.999999980858654e-09,1.0000000050247593e-08,0.35651859587335155,0.6106412969186911,9.882914529566695e-14
0.0001,0.9,8.563847350667979,8.563947350667979,7.707552615601181,3.271133280465928,0.531786278463287,0.04999999,0.9000000100000001,0.049999989999999966,0.9000000100000002,1.0000000036369805e-08,1.0000000161269895e-08,0.5831142888762595,0.49937600693584827,5.42241898701424e-14
0.0001,0.95,8.563847350667979,8.563947350667979,8.135749983134579,2.408451543446956,0.5318633220242446,0.04999999,0.9000000100000001,0.04999999000000004,0.9000000100000001,9.999999960041972e-09,1.0000000050247593e-08,0.7196423981284057,0.30814898044400635,8.289502699306052e-14
0.0001,0.98,8.563847350667979,8.563947350667979,8.39266840365462,1.6363257268861973,0.5320046069404433,0.04999999,0.9000000100000001,0.04999998999999997,0.9000000100000001,1.0000000029430911e-08,1.0000000050247593e-08,0.8115635022545112,0.13900374210062674,7.493434655315298e-14
1e-05,0.5,8.563847350667979,8.563857350667979,4.281928675333989,6.434289880917122,0.5315933604155263,0.049999999,0.900000001,0.049999998999999865,0.900000001,1.0000001382515222e-09,9.999999717180685e-10,0.019003009818201536,0.0813695326582105,4.321193058147497e-13
1e-05,0.8,8.563847350667979,8.563857350667979,6.8510858805343835,5.0118239988968405,0.5316003159249385,0.049999999,0.900000001,0.04999999899999934,0.900000001,1.000000665607459e-09,9.999999717180685e-10,0.27224449290571695,0.46629260034989994,9.883335655123865e-14
1e-05,0.9,8.563847350667979,8.563857350667979,7.707471615601181,3.7577801184108717,0.5316070978168981,0.049999999,0.900000001,0.04999999899999818,0.9000000009999999,1.0000018244027409e-09,9.99999860695766e-10,0.513786002922501,0.43999900377981804,5.422843545563217e-14
1e-05,0.95,8.563847350667979,8.563857350667979,8.13566448313458,2.776143956144053,0.5316160080940828,0.049999999,0.900000001,0.04999999899999487,0.900000001,1.000005134255133e-09,9.999999717180685e-10,0.6746741873395224,0.2888906749276758,8.290037534256848e-14
1e-05,0.98,8.563847350667979,8.563857350667979,8.392580203654619,1.8855506882719049,0.5316325484585813,0.049999999,0.900000001,0.049999999000000024,0.900000001,9.999999786569624e-10,9.999999717180685e-10,0.7874583103111032,0.13487361278204657,7.494614972982082e-14
1e-06,0.5,8.563847350667979,8.563848350667978,4.281924175333989,7.105032241739943,0.5315854688417772,0.0499999999,0.9000000001,0.04999999990000003,0.9000000001,9.999997357956758e-11,1.000000082740371e-10,0.008221423612756022,0.03520351252312171,4.3215411021489425e-13
1e-06,0.8,8.563847350667979,8.563848350667978,6.851078680534383,5.576838092418035,0.5315862420461025,0.0499999999,0.9000000001,0.049999999900000015,0.9000000001,9.999998745735539e-11,1.000000082740371e-10,0.20556568535817882,0.35208667110171443,9.882989855160042e-14
1e-06,0.9,8.563847350667979,8.563848350667978,7.707463515601181,4.195843315939591,0.5315869997261722,0.0499999999,0.9000000001,0.049999999900000015,0.9000000001,9.999998745735539e-11,1.000000082740371e-10,0.4509629838601363,0.38619786055429356,5.4228804930578846e-14
1e-06,0.95,8.563847350667979,8.563848350667978,8.13565593313458,3.1048881388958463,0.5315880013520042,0.0499999999,0.9000000001,0.04999999989999998,0.9000000001,1.0000002215182491e-10,1.000000082740371e-10,0.6321678034191214,0.2706894600328122,8.290335170178062e-14
1e-06,0.98,8.563847350667979,8.563848350667978,8.39257138365462,2.1062112090591567,0.5315898768451987,0.0499999999,0.9000000001,0.049999999899999925,0.9000000001,1.0000007766297614e-10,1.000000082740371e-10,0.7646877421662164,0.13097339719052295,7.493373213993032e-14
