period,edge,return
0,0.0078414597,-0.0123870551
1,0.0075614276,-0.0277746580
2,0.0081220611,0.0247864819
3,0.0071783930,-0.0192016653
4,0.0070726646,-0.0108434999
5,0.0075355791,0.0058435898
6,0.0067459609,0.0388393723
7,0.0063529599,0.0217794724
8,0.0068294583,-0.0215398383
9,0.0064925015,-0.0425485369
10,0.0063349056,0.0151573634
11,0.0060679338,0.0341682759
12,0.0057191126,0.0016574418
13,0.0052476145,-0.0172702622
14,0.0061857242,-0.0061829441
15,0.0054617234,0.0347747932
16,0.0055640639,-0.0188381358
17,0.0055455995,-0.0312890322
18,0.0051018225,-0.0013051365
19,0.0045974687,-0.0041145885
20,0.0042690559,-0.0034318217
21,0.0055103809,0.0049444981
22,0.0047165656,0.0364854505
23,0.0042804086,-0.0002010359
24,0.0046218745,0.0314949189
25,0.0041548102,0.0161163173
26,0.0042480859,-0.0018087038
27,0.0042257641,-0.0136933539
28,0.0040591471,-0.0195845857
29,0.0039702427,0.0149719688
30,0.0041817465,0.0101312382
31,0.0041056222,0.0442603461
32,0.0041661446,0.0065951572
33,0.0033122109,-0.0204074632
34,0.0032660408,-0.0073908565
35,0.0035453064,-0.0231792465
36,0.0035716881,0.0084190648
37,0.0035805205,0.0050824723
38,0.0032528929,0.0150963046
39,0.0033649594,0.0128050404
40,0.0028621205,0.0390220840
41,0.0026530721,0.0035222565
42,0.0025979766,0.0343252582
43,0.0026639806,0.0053359947
44,0.0025184588,0.0096137707
45,0.0026654529,0.0089764568
46,0.0026821366,0.0187737556
47,0.0028235541,0.0097497562
48,0.0029174811,-0.0017880741
49,0.0024399647,-0.0154273004
50,0.0029487678,0.0081242736
51,0.0020116081,0.0206398375
52,0.0023668104,0.0192225210
53,0.0025090105,0.0078040421
54,0.0018250790,0.0231942432
55,0.0023857152,0.0032300075
56,0.0025783824,0.0115312750
57,0.0026797135,0.0134926316
58,0.0018581349,-0.0218364441
59,0.0021011057,0.0097497494
60,0.0022262510,-0.0052120099
61,0.0025591852,-0.0121148478
62,0.0013633716,0.0057351719
63,0.0019882804,-0.0110554087
64,0.0014380670,-0.0076145597
65,0.0015396091,-0.0073562873
66,0.0017176924,0.0122713288
67,0.0018355663,0.0137255823
68,0.0026487498,0.0020164813
69,0.0015710907,0.0308736114
70,0.0020316601,0.0045609849
71,0.0012981926,0.0055779601
72,0.0013762710,-0.0156132615
73,0.0017376505,-0.0252087006
74,0.0012544394,0.0103133262
75,0.0017781956,0.0027567870
76,0.0011799481,-0.0105551508
77,0.0017004770,-0.0011982943
78,0.0013645749,0.0034264144
79,0.0015906381,0.0006826455
80,0.0019023167,0.0147251435
81,0.0007292774,-0.0115076033
82,0.0015676569,0.0058667511
83,0.0012491091,0.0105213903
84,0.0013695785,0.0038889838
85,0.0010141591,-0.0176700964
86,0.0014253598,0.0056052348
87,0.0009498754,0.0316339579
88,0.0014747388,0.0101391903
89,0.0014054301,0.0042670466
90,0.0008960623,0.0322356973
91,0.0011662012,-0.0045820607
92,0.0014477410,-0.0244584170
93,0.0009159190,0.0001710007
94,0.0008628650,-0.0145756623
95,0.0010957475,0.0051510516
96,0.0015085176,-0.0092259882
97,0.0016686335,-0.0117330792
98,-0.0000172263,0.0279607089
99,0.0010256924,0.0206032355
100,0.0004374611,0.0155829436
101,-0.0001476909,0.0042008620
102,0.0007067519,-0.0018269856
103,0.0007076319,0.0135213431
104,0.0006382900,-0.0069583072
105,0.0006454230,0.0048373088
106,0.0005799048,0.0249643742
107,0.0005616624,-0.0018870804
108,0.0009291161,0.0059589441
109,0.0008422022,0.0060299596
110,0.0006906068,-0.0199264533
111,0.0003352007,0.0229729987
112,0.0005459421,0.0088202172
113,0.0005367099,0.0007944138
114,0.0005516816,0.0430628034
115,0.0004001768,0.0244569994
116,0.0006454009,0.0115621126
117,-0.0000887828,-0.0137298873
118,-0.0000514190,0.0098176273
119,0.0010796888,-0.0216739433
