signal,next_signal,next_return
0.6366004960884456,0.7110232944592405,0.15370076263772392
0.7110232944592405,0.0037352487502697596,0.9117954025515047
0.0037352487502697596,-0.42350724073870977,-0.5262255667387575
-0.42350724073870977,0.40543653129925233,-0.8279562420287132
0.40543653129925233,0.5432721702828759,-0.33046523510073356
0.5432721702828759,-0.10937209857576619,-0.15189679849912807
-0.10937209857576619,-0.012339690137863207,0.6422713363180351
-0.012339690137863207,0.05861660672272128,-0.28368241276842093
0.05861660672272128,0.7999800851698041,1.2928946844219669
0.7999800851698041,0.5133478914289429,1.3276283893549192
0.5133478914289429,0.480090877762604,0.43766688639863377
0.480090877762604,0.33004853092548225,1.02700488916594
0.33004853092548225,-0.037325988398792836,-0.8832295064998044
-0.037325988398792836,0.015632702017925635,0.7394535561993179
0.015632702017925635,-0.34353542557169175,-0.9578636825041416
-0.34353542557169175,-0.6063653066174315,-0.9859364374092907
-0.6063653066174315,-0.6293725454394269,0.428545862252943
-0.6293725454394269,-0.16028300601439566,-0.034442737835906345
-0.16028300601439566,-0.5992892026779133,-0.7615290968226872
-0.5992892026779133,-0.59791924610433,-1.1741789645258875
-0.59791924610433,0.00817005644727714,-1.1370421170676135
0.00817005644727714,0.4543658804615484,0.12315253186379682
0.4543658804615484,0.5408427516399996,0.6443194532565892
0.5408427516399996,0.47660744738037586,-0.1636797184522082
0.47660744738037586,0.33212694422529454,-0.05100619910543583
0.33212694422529454,-0.263602581677155,0.10296170869398989
-0.263602581677155,0.1030390883311477,-0.6979677188829555
0.1030390883311477,0.11173612539325381,0.2735156745648038
0.11173612539325381,-0.49390321459467684,0.05730162811334647
-0.49390321459467684,-0.32474048793144317,0.3835961346681098
-0.32474048793144317,-0.4463455571288477,1.4442193266437489
-0.4463455571288477,-0.41124041571568953,-0.6986864236577843
-0.41124041571568953,0.26758540063719666,-0.8296676306625841
0.26758540063719666,0.04160565146492068,-1.5211017292991156
0.04160565146492068,0.3483114233392983,0.16147134556595624
0.3483114233392983,0.5683743171542315,-0.3430153107698699
0.5683743171542315,0.22650461990275642,0.8374206001494482
0.22650461990275642,0.20004652490692576,-0.23598939102027217
0.20004652490692576,-0.51882906124884,0.11181080338001097
-0.51882906124884,0.08493472872877794,0.2167158233138401
0.08493472872877794,-0.11191431941127145,-0.2572922183327245
-0.11191431941127145,-1.1298388574349032,-0.27555763568724545
-1.1298388574349032,-1.151528287703111,-0.7289436634065953
-1.151528287703111,0.02663063074273353,-0.6448265031414588
0.02663063074273353,-0.09960986134823518,0.15496977698243597
-0.09960986134823518,0.05910575468592602,1.1361838580045847
0.05910575468592602,0.42796249766473793,-0.9660097548783451
0.42796249766473793,0.42969048857886966,0.9808090630445423
0.42969048857886966,-0.43524351985129606,0.20334643517374748
-0.43524351985129606,-0.3865902875573225,-1.0899164469963458
-0.3865902875573225,-0.2436165438488761,-0.2987398222072303
-0.2436165438488761,-0.03405970453042714,0.1241188129889849
-0.03405970453042714,-0.10481838687702869,0.28749651423079253
-0.10481838687702869,-0.1004087829004193,-0.6607069959438121
-0.1004087829004193,-0.110117633181822,-0.143085312732055
-0.110117633181822,0.28502378594860256,-0.03798079218779971
0.28502378594860256,-0.08830908231804396,-0.3792921521708613
-0.08830908231804396,0.40059174520066165,0.8593674800160098
0.40059174520066165,0.022721476108425287,-0.10025744258015051
0.022721476108425287,0.4041362397937632,-0.11045296534351252
0.4041362397937632,-0.6271785493607134,-0.11517031087029592
-0.6271785493607134,-0.4769167264866502,0.3352813272700989
-0.4769167264866502,-0.3977395922187771,-0.008657493474163336
-0.3977395922187771,0.2536373970699896,-1.473646164972456
0.2536373970699896,0.2785175533349181,0.7373212345160564
0.2785175533349181,-0.006991136084096933,1.1453099792850794
-0.006991136084096933,0.40074789331427235,-0.5708196030845355
0.40074789331427235,-0.08495723578383335,-0.34147223624516393
-0.08495723578383335,-0.4081173138085147,-0.06639447333082216
-0.4081173138085147,-0.15675501253345772,0.754477376578343
-0.15675501253345772,0.4613806569090694,-0.577307622794516
0.4613806569090694,0.5209934652587002,0.7061573070668463
0.5209934652587002,0.36673131020112687,0.7130154012134873
0.36673131020112687,-1.0605141107560767,-0.18308836554727442
-1.0605141107560767,-1.5191218129584827,-1.4090756802940456
-1.5191218129584827,-1.4297330488628976,-1.1061037208703677
-1.4297330488628976,-1.1829013610319055,-2.041623145671073
-1.1829013610319055,-0.7741658061064888,-1.068961580414132
-0.7741658061064888,0.3356608757024885,0.9909938973133188
0.3356608757024885,0.47129460065450873,0.43734814490660506
0.47129460065450873,0.500279196527443,0.5473032360833483
0.500279196527443,0.5177889526795235,0.834396143126849
0.5177889526795235,0.2077206905608911,0.31608081718075787
0.2077206905608911,0.12919897288149104,0.3387469858076338
0.12919897288149104,-0.4410406247432699,-0.1722323095016221
-0.4410406247432699,0.16815461672199905,-0.3384281912243496
0.16815461672199905,-0.1358250352411958,0.4490848748166504
-0.1358250352411958,0.22241341129550155,-0.613272686571269
0.22241341129550155,-0.08071473331644555,0.7927860226538772
-0.08071473331644555,0.07858481861010722,-0.8900703513922531
0.07858481861010722,0.2911884638054547,-0.273510714282739
0.2911884638054547,0.212113347856726,0.8231712489497337
0.212113347856726,-0.0494161820915158,0.3171572877197039
-0.0494161820915158,0.06325992002859887,-0.7949218992166728
0.06325992002859887,0.068728300437258,0.9989660465681214
0.068728300437258,-0.6655989567856219,-0.21262473797895387
-0.6655989567856219,-1.0975409923312611,-0.029706642529208405
-1.0975409923312611,-0.05150041609412792,-0.39866358767022736
-0.05150041609412792,-0.7746056447925999,-0.08173747256664925
-0.7746056447925999,-0.08477568984943173,-0.1446066433012137
-0.08477568984943173,0.12860114035364098,0.7712929920574555
0.12860114035364098,0.4596685021939658,-0.23860175618017065
0.4596685021939658,0.37783787437799626,0.0023302096872765965
0.37783787437799626,0.1670089721916792,1.4049401590733055
0.1670089721916792,0.08245796363199924,-0.23209157515965656
0.08245796363199924,0.6804586925187046,0.5485252370331957
0.6804586925187046,1.0030036041552433,0.865516022296149
1.0030036041552433,0.9371450144216482,1.1850149013467353
0.9371450144216482,1.0663582199003974,0.6844519528345139
1.0663582199003974,0.9081227667682461,0.6800659582638756
0.9081227667682461,1.537216228099239,1.070187902480771
1.537216228099239,0.35924202745323985,1.097688488238993
0.35924202745323985,0.44364341503821264,-0.56184781484981
0.44364341503821264,0.09405456619214014,0.11945560546267298
0.09405456619214014,-0.4521850670079747,-1.0284779314813726
-0.4521850670079747,-1.1236325298026846,-0.27028928196521734
-1.1236325298026846,-0.6122506136194188,-0.8860922612594264
-0.6122506136194188,-0.33156052514714185,-0.02221881415740784
-0.33156052514714185,-0.6145413717752292,1.1510352353409392
-0.6145413717752292,-0.5617220705403113,0.10000704139854444
-0.5617220705403113,-0.026355256297701746,-0.4341458713498623
-0.026355256297701746,-0.5408507080098786,-0.8487346946748834
-0.5408507080098786,-0.9994471167195593,0.04802067794609674
-0.9994471167195593,-0.5658743306742771,-0.6705714554655944
-0.5658743306742771,-0.15388149551559993,-0.722470663394166
-0.15388149551559993,-0.3664652499721449,0.6161364150337691
-0.3664652499721449,-0.960574348708349,1.288526372124622
-0.960574348708349,-0.6510601838073464,-0.5659530741480107
-0.6510601838073464,-0.26673047124307403,-0.07603223568535167
-0.26673047124307403,-0.6738644535303459,-0.3846461560325606
-0.6738644535303459,-0.41975816111618564,-1.190395310450486
-0.41975816111618564,-0.5563380593528442,-0.7572080581757139
-0.5563380593528442,-0.7202668262598639,0.05142711946266709
-0.7202668262598639,-0.7015887199207826,-0.38697976396884537
-0.7015887199207826,-0.7079113498542169,-1.7063416570859347
-0.7079113498542169,-0.7971037575989709,-0.3978542044550053
-0.7971037575989709,-0.6345269615159503,-0.9622071670541404
-0.6345269615159503,0.3456105568417244,-0.20117168432872248
0.3456105568417244,0.6933902317821751,-0.12953410573265065
0.6933902317821751,0.49183888032156653,0.267840376174
0.49183888032156653,0.4510684412004702,-0.30414466812177754
0.4510684412004702,0.2489012898659425,1.0031124015704798
0.2489012898659425,0.32865970855098386,-0.35762456060129666
0.32865970855098386,0.43558607260635773,0.6312203178356177
0.43558607260635773,0.49647814143030033,-0.6316165097167157
0.49647814143030033,0.5921809449805854,-0.8939268134245252
0.5921809449805854,0.023382950430367755,0.40237189205119483
0.023382950430367755,0.35364427528960485,-0.28010057838804076
0.35364427528960485,0.18799075271608456,0.8622486849405806
0.18799075271608456,-0.2656831767182083,-0.778103370924099
-0.2656831767182083,0.43699695696458807,0.3924562467806495
0.43699695696458807,-0.2556343743530875,0.187667908662995
-0.2556343743530875,0.2855978321153916,-0.08681584901432937
0.2855978321153916,0.19814092886704904,-0.5543120242504403
0.19814092886704904,0.694802737215112,0.5035654608710498
0.694802737215112,0.412816643222509,-0.021021583250570852
0.412816643222509,0.535134447479712,0.8359017140052405
0.535134447479712,0.35517675924563546,0.7192127225745716
0.35517675924563546,0.7099069135357865,0.403250175342196
0.7099069135357865,0.6706534710674183,-0.09048754411533494
0.6706534710674183,0.43473563836460094,0.5447752795441276
0.43473563836460094,0.5196531795749739,-0.1478862435664967
0.5196531795749739,0.30929045383748144,-1.2336941322889174
0.30929045383748144,0.337444646103615,-0.05206154103774499
0.337444646103615,-0.003774096738147381,-0.5670310499898412
-0.003774096738147381,0.3778291543487053,-0.33421299643893093
0.3778291543487053,-0.11385330262693633,-0.3681137320400867
-0.11385330262693633,-0.5238039720932254,-0.3867230590259304
-0.5238039720932254,-0.13751484821077986,-0.21939715700616552
-0.13751484821077986,0.5951961579095149,0.03935501052738962
0.5951961579095149,0.5099957527639711,-0.06333461311718852
0.5099957527639711,0.948784448424782,0.7192950791530821
0.948784448424782,0.6575509693056777,0.8279552632303001
0.6575509693056777,0.25106395547927013,-0.2014598582156083
0.25106395547927013,0.7824879583698846,-0.011836075944324634
0.7824879583698846,-0.012594846880152999,0.5027123850540283
-0.012594846880152999,-0.6639594290574686,0.4358603840417275
-0.6639594290574686,-0.24000936995485755,-0.11159951491563783
-0.24000936995485755,0.2053579862737196,0.28898727437930305
0.2053579862737196,0.35412603128809694,-0.6310615353393086
0.35412603128809694,0.6219768499844547,-0.4018336509115438
0.6219768499844547,0.010661962361090405,0.4247276627817922
0.010661962361090405,-0.05090410465943025,-0.2833321699923216
-0.05090410465943025,-0.09627117744892141,-0.7380660545887852
-0.09627117744892141,0.32238187940407503,-0.07488424758338497
0.32238187940407503,0.568710021652445,0.49151394822811834
0.568710021652445,0.03062136424688877,0.02276632808494425
0.03062136424688877,1.0937043864961458,-0.4941865264951606
1.0937043864961458,0.7618798944917734,0.9783405634271655
0.7618798944917734,0.1628680569281068,1.2715684907462599
0.1628680569281068,0.3358049969569975,0.7950797891090317
0.3358049969569975,0.6281795738339822,-0.3242309101705293
0.6281795738339822,0.8039793845994427,1.0161428138782211
0.8039793845994427,0.8056749141304789,1.2197892946575295
0.8056749141304789,0.49100500645252887,0.09947854568100878
0.49100500645252887,0.8575319127403046,0.2694431239305482
0.8575319127403046,0.7301697061611366,-0.1885248387584002
0.7301697061611366,0.3623929382667949,0.6321857313519827
0.3623929382667949,-0.33670502658371426,-0.31827325778427595
-0.33670502658371426,-0.28355162260699446,-0.2186427856124093
-0.28355162260699446,-0.21964128448024656,0.6126518745711067
-0.21964128448024656,0.17976251379496946,-0.4471241727351554
0.17976251379496946,0.13787972952013192,1.6270313860783103
0.13787972952013192,0.6507883111671031,0.6446018396917402
0.6507883111671031,0.46025174278411496,1.0541328851131042
0.46025174278411496,0.7585412516066918,-0.5627579582057316
0.7585412516066918,0.2608434515879261,0.6892530315722378
0.2608434515879261,-0.057579837579621346,0.46428168028620764
-0.057579837579621346,0.4480268362736809,-0.6747593076528294
0.4480268362736809,0.14372599926836818,0.04359825193021685
0.14372599926836818,-0.17601865674392125,0.644861950181559
-0.17601865674392125,0.3304638849732233,-1.5888608661959904
0.3304638849732233,0.7020812998245678,0.36569714897162586
0.7020812998245678,-0.2700386623448151,-0.21505555787661085
-0.2700386623448151,-0.11676820320729345,-0.6316571548851968
-0.11676820320729345,0.5228649609208709,-0.0421709034010675
0.5228649609208709,0.5071965970447566,0.669130690214532
0.5071965970447566,0.8467919963844242,0.2911238568194632
0.8467919963844242,0.3205937391268707,-0.23805655400520698
0.3205937391268707,0.7244205487864706,0.003998066644279263
0.7244205487864706,1.0918183620180821,0.14318836895987455
1.0918183620180821,0.9078559263905692,-0.7490042327711064
0.9078559263905692,0.6491907778838657,0.3065407731733266
0.6491907778838657,0.6570825917972288,1.1748586532320597
0.6570825917972288,0.3498687310670532,0.25086398325834736
0.3498687310670532,0.3648208045280126,0.06287433592646906
0.3648208045280126,0.050469126894755884,0.6357942754702626
0.050469126894755884,0.26203393344412707,0.703003219072035
0.26203393344412707,-0.025862545865461134,-0.1325129246758706
-0.025862545865461134,0.48250070520828103,-0.23348563354909985
0.48250070520828103,0.13519885991556496,0.08544030979296716
0.13519885991556496,0.6593407203809113,0.4878802573264017
0.6593407203809113,0.2186013721371865,1.0290461073551405
0.2186013721371865,-0.14112840525039355,2.1662394597679633
-0.14112840525039355,0.2273207713509496,-0.24219737114130943
0.2273207713509496,-0.1497962417562736,-0.790963989784087
-0.1497962417562736,-0.597144700159821,-0.08279631484120789
-0.597144700159821,-0.2771502957206897,-0.0383323217113784
-0.2771502957206897,-0.21468198163153848,0.03328167408428899
-0.21468198163153848,0.2425669803061348,-1.2853087746126857
