individual_CR,known_profile_power,common_minimax_power
6.999999999999999556e-01,7.891723018796839018e-01,7.391230893371021349e-01
7.249999999999999778e-01,8.014719508572847317e-01,7.525852550055703860e-01
7.500000000000000000e-01,8.131294608688752756e-01,7.654564323097104994e-01
7.749999999999999112e-01,8.241715838082578349e-01,7.777539699897613179e-01
7.999999999999999334e-01,8.346246120957743209e-01,7.894954941430487594e-01
8.249999999999999556e-01,8.445143101660701479e-01,8.006988109187145319e-01
8.499999999999999778e-01,8.538658569227322026e-01,8.113818183701752007e-01
8.750000000000000000e-01,8.627037981598169036e-01,8.215624270224884951e-01
8.999999999999999112e-01,8.710520079988786080e-01,8.312584886801095418e-01
9.249999999999999334e-01,8.789336584445426315e-01,8.404877329809008479e-01
9.499999999999999556e-01,8.863711962190696791e-01,8.492677112076972845e-01
9.749999999999999778e-01,8.933863260946517393e-01,8.576157468489759017e-01
1.000000000000000000e+00,8.999999999999999112e-01,8.655488924403708095e-01
1.024999999999999911e+00,9.062324112341320070e-01,8.730838922053782980e-01
1.050000000000000044e+00,9.121029931745201491e-01,8.802371500460842713e-01
1.074999999999999956e+00,9.176304219184910904e-01,8.870247024486733745e-01
1.100000000000000089e+00,9.228326223457440358e-01,8.934621958899351402e-01
1.125000000000000000e+00,9.277267771359144488e-01,8.995648683535839574e-01
1.149999999999999911e+00,9.323293383182638117e-01,9.053475345832729948e-01
1.175000000000000044e+00,9.366560409707810342e-01,9.108245747288444827e-01
1.199999999999999956e+00,9.407219187233607505e-01,9.160099260545748745e-01
1.225000000000000089e+00,9.445413207543180700e-01,9.209170774069810328e-01
1.250000000000000000e+00,9.481279300014638922e-01,9.255590661569221833e-01
1.274999999999999911e+00,9.514947823383979042e-01,9.299484773514831160e-01
1.300000000000000044e+00,9.546542864937261896e-01,9.340974448309040667e-01
1.324999999999999956e+00,9.576182445157057632e-01,9.380176540827314113e-01
1.350000000000000089e+00,9.603978726075103056e-01,9.417203466256093281e-01
1.375000000000000000e+00,9.630038221790128139e-01,9.452163257284150744e-01
1.399999999999999911e+00,9.654462009798550071e-01,9.485159632888955361e-01
1.425000000000000044e+00,9.677345941957192776e-01,9.516292077094250512e-01
1.449999999999999956e+00,9.698780854052827527e-01,9.545655926218781229e-01
1.475000000000000089e+00,9.718852773094175390e-01,9.573342463266510949e-01
1.500000000000000000e+00,9.737643121569280469e-01,9.599439018231279430e-01
