alpha,power,epsilon,tau_max,xi_max_for_double_tightening,rho_max,tau_over_linear_approx,rho_over_linear_approx
0.05,0.9,1e-2,0.00011087900059613332652597515981265732977967842471573,0.000055439500298066663262987579906328664889839212357867,0.00035215548904633933571529524510833378181276927042283,0.999001317962515349930372150433,0.998262712025662732740106085248
0.05,0.9,1e-3,0.000011097875282320908185688663739873755448748858149824,0.0000055489376411604540928443318699368777243744290749122,0.000035270699268163199334377876769930158145132760830127,0.999900068905278184144902646238,0.99982607120018582354066819083
0.05,0.9,1e-4,0.000001109887349563239022848815149692612126260132528152,0.00000055494367478161951142440757484630606313006626407598,0.0000035276221289333003206787922718338524563928791536294,0.999990006261172160650692043413,0.999982605117739105481929857245
0.05,0.9,1e-5,0.00000011098973323878890030879151062528201674389715300203,0.000000055494866619394450154395755312641008371948576501013,0.00000035276773561377645686516867754991906980366710505276,0.999999000619823213217381772109,0.999998260491748857569914620933
0.05,0.9,1e-6,0.000000011098983306772698475290157262625213852517255839394,0.000000005549491653386349237645078631312606926258627919697,0.000000035276828789281466138228965136587180227468121184622,0.999999900061919380846956646098,0.999999826048974632968745114376
0.00049504950495049504950495049505,0.9,1e-2,0.000001901822894995864842287655929103279213321489399281,0.0000009509114474979324211438279645516396066607446996405,0.00021301564237195472594988775416245006807099331666881,0.998118669328472743186699537809,0.99896771371225563264006406635
0.00049504950495049504950495049505,0.9,1e-3,0.00000019050487341845884701428568076603925661547502715542,0.00000009525243670922942350714284038301962830773751357771,0.000021321373690448499440156010578287481020695414324111,0.999811660998195737176969921179,0.999896706719797853344698214865
0.00049504950495049504950495049505,0.9,1e-4,0.000000019053717065656558463166789357330677685657657392687,0.0000000095268585328282792315833946786653388428288286963437,0.0000021323356000579622247687617204596239457014072205815,0.999981164038709674649431384635,0.999989670025098155124596753053
0.00049504950495049504950495049505,0.9,1e-5,0.000000001905404007691741136692105951661743232978565452003,0.0000000009527020038458705683460529758308716164892827260015,0.00000021323554245248618174132393472119486511052717897439,0.999998116383258103986807344653,0.999998966996040631654141014865
0.00049504950495049504950495049505,0.9,1e-6,0.00000000019054072378432328099627484834669146605880573069966,0.000000000095270361892161640498137424173345733029402865349829,0.000000021323574069852084433008830955981935720657830366009,0.99999981163811967999930150194,0.999999896699539370959254372618
0.1,0.2,1e-2,0.0012081481398502834104987966788310828583544115450918,0.00060407406992514170524939833941554142917720577254589,0.03060039812411188492927865440674401538586184026062,0.985400134425454024947455382928,0.96170531232224268055273667954
0.1,0.2,1e-3,0.00012242187805839841030407659100132114405346262128822,0.000061210939029199205152038295500660572026731310644109,0.0031692314280932993402382474210423026117361626434861,0.998507808076513302931128932314,0.996021910569306308575521952916
0.1,0.2,1e-4,0.000012258649227150217865005958024171632449402407372454,0.0000061293246135751089325029790120858162247012036862268,0.00031806185432000571794680312622339718672022489824089,0.99985044862174391695087115299,0.99960063822042300716807848727
0.1,0.2,1e-5,0.0000012260299401184581527897397075099570157260363287979,0.00000061301497005922907639486985375497850786301816439896,0.000031817621460331462850689441036326788726591523184227,0.999985041529819648054046972425,0.999960048223949057570476354326
0.1,0.2,1e-6,0.0000001226046445903560398470877646561476506963910057613,0.000000061302322295178019923543882328073825348195502880651,0.0000031818765554513237349624554748615690366286088739534,0.999998504119647883955346172087,0.999996004666343920648629766644
